2.0134570598602295	1.67364501953125	0.8872172832489014	-2.1270177364349365	0.4299059212207794	-1.0137473344802856	-0.015303137712180614	-1.404339075088501	-0.5702283978462219	1.4538710117340088	-0.44601643085479736	-1.565902829170227	-1.0305109024047852	-0.5686275362968445	-0.9135184288024902	0.9594305753707886
1.554519772529602	-0.21650932729244232	-0.5532792806625366	0.4941712021827698	-0.3042815327644348	0.9795141816139221	0.6758940815925598	2.056828737258911	1.55430269241333	1.2920016050338745	0.8630536198616028	1.46529221534729	-0.23255106806755066	-0.27993330359458923	-0.9779946208000183	0.5695111155509949
-1.384681224822998	-0.8712356090545654	-0.22335904836654663	1.7173652648925781	0.31888002157211304	-0.42450982332229614	0.3057260811328888	-0.7745711207389832	-1.557571291923523	0.9956404566764832	-0.8797715306282043	-0.6011533141136169	-1.2741459608078003	2.1227872371673584	-1.2346503734588623	-0.48790693283081055
-0.9905843138694763	-0.799155592918396	-0.16319702565670013	0.6898291110992432	-1.1485122442245483	1.2050669193267822	-1.0294684171676636	-0.3923254609107971	-0.756003737449646	0.07143137603998184	-0.5307581424713135	0.8002252578735352	-0.12477986514568329	2.091693878173828	-1.7152245044708252	1.2680221796035767
1.4478850364685059	0.8562079668045044	2.217198371887207	0.5249377489089966	0.34471073746681213	-0.19675207138061523	-1.056268334388733	1.2804535627365112	-0.17216631770133972	0.5227959156036377	0.05870899558067322	0.4266822636127472	0.5731900930404663	-0.6417633295059204	-2.2056875228881836	-0.7515426874160767
-0.05289505422115326	-0.3209409713745117	-1.2907440662384033	-0.7206457257270813	0.7153233289718628	0.40424644947052	1.3509081602096558	-0.040416792035102844	1.0013036727905273	-0.7073448896408081	-0.8796312212944031	0.410763680934906	-1.7775688171386719	-0.8691509366035461	1.1261566877365112	0.5107526183128357
-2.6895406246185303	0.6034480929374695	0.6445273160934448	0.0693143978714943	0.5483561158180237	0.8167413473129272	1.2193068265914917	-0.5575204491615295	-0.40103259682655334	0.9043406248092651	0.2679179012775421	0.36001449823379517	0.1617635190486908	1.399381160736084	0.12693163752555847	-0.4822112023830414
-1.5129263401031494	0.08047385513782501	-0.6762922406196594	0.6675227284431458	0.5146285891532898	0.07001884281635284	-0.5247377753257751	0.3951653242111206	0.1852416694164276	0.3571518361568451	-0.034503571689128876	1.0133717060089111	0.9250812530517578	0.22641290724277496	0.6269526481628418	0.4723256230354309
1.9370646476745605	0.8333472013473511	-1.0611521005630493	-0.801164448261261	0.3267681300640106	1.7845127582550049	0.873042643070221	0.10967353731393814	1.1224511861801147	-0.5468853116035461	-1.9250587224960327	0.6440595984458923	-0.08012064546346664	1.001718521118164	-1.0279213190078735	0.9272960424423218
-0.4343298375606537	1.5620877742767334	2.753490447998047	0.6628832817077637	-0.8876176476478577	0.6394147276878357	-1.6381433010101318	-0.3859238028526306	-0.4611586630344391	1.848605990409851	0.4002000093460083	2.2448463439941406	-1.7424649000167847	0.4045412540435791	-0.40749090909957886	-0.07110041379928589
-2.091355562210083	0.07191692292690277	-0.13491268455982208	-0.379885196685791	0.4512736201286316	-0.8936071395874023	0.312130868434906	-1.2230420112609863	-1.8289310932159424	1.2383476495742798	1.1574991941452026	0.13311339914798737	-1.377079963684082	0.9121893644332886	0.936617910861969	2.195970058441162
-0.10152113437652588	0.0918269008398056	-1.1004880666732788	0.09903205931186676	-0.7271610498428345	-1.3791863918304443	-0.8304919004440308	-0.6628252267837524	-0.6148468852043152	-1.7672218084335327	-2.158461332321167	-0.09669912606477737	0.7020025849342346	-0.5420665740966797	0.1862838864326477	1.060552716255188
1.7800283432006836	-0.9171496629714966	0.9626294374465942	-0.33222079277038574	-1.182063341140747	0.3557569682598114	0.4678700864315033	1.3574137687683105	0.5224847793579102	2.1111791133880615	-0.5186517834663391	-0.934357225894928	0.1887473165988922	1.064383625984192	1.3040839433670044	0.457500159740448
-0.7583656907081604	-1.2688802480697632	-0.2912138104438782	-0.5571573972702026	0.19668057560920715	0.30941715836524963	-0.010919474996626377	-2.2301065921783447	-0.08310072869062424	0.9671962857246399	-1.8263050317764282	1.3939321041107178	0.47646793723106384	-0.587984561920166	1.061645746231079	1.8603858947753906
-0.07868824154138565	1.6389355659484863	0.20759986340999603	-1.0324115753173828	-0.49054911732673645	0.0847330242395401	0.40542834997177124	1.7479289770126343	-0.19551746547222137	-1.3866047859191895	-2.105508804321289	-1.291736125946045	-0.2559226155281067	-0.21342869102954865	-0.022331150248646736	0.7468929886817932
-0.9291303157806396	0.2761908769607544	-0.5388752818107605	0.4625823199748993	-0.8718891143798828	-0.027118360623717308	-0.3532457649707794	1.4638569355010986	1.255434274673462	-0.7149558067321777	0.8539193272590637	0.512991189956665	0.5397310256958008	0.5655050277709961	0.5057917237281799	0.22245365381240845
-0.9522311091423035	0.699030876159668	-1.6479791402816772	-1.3725953102111816	-1.4891941547393799	0.016692616045475006	0.11699607223272324	0.8633984923362732	-1.2029836177825928	-0.2254941314458847	1.1766754388809204	0.12397906929254532	1.3800667524337769	0.6773762106895447	-2.0844602584838867	0.32080885767936707
-1.541752576828003	0.8244604468345642	-2.728360652923584	0.15411074459552765	-0.2797614336013794	-0.9095306992530823	1.5102962255477905	0.22304384410381317	1.2985780239105225	1.8316097259521484	0.7579915523529053	0.7852746248245239	0.5771660804748535	1.3781453371047974	0.12159797549247742	0.1244165226817131
1.0082626342773438	-1.0379329919815063	-0.5319680571556091	-0.4441339671611786	-0.30096349120140076	-0.10352551937103271	-0.704986035823822	-0.037222329527139664	2.031994342803955	0.2429892122745514	0.9082348942756653	0.6890636682510376	-0.0156395360827446	0.09332491457462311	1.3472647666931152	0.7193199396133423
0.6065208315849304	-0.4979645609855652	1.2389423847198486	-1.2200570106506348	0.7970255613327026	1.641621470451355	-2.7733607292175293	-1.2153031826019287	-0.46541377902030945	-1.9365993738174438	-0.7342601418495178	-1.5192186832427979	-0.95103919506073	-0.10529990494251251	1.1611790657043457	-1.2873764038085938
0.4334380030632019	-0.7171905636787415	1.055369257926941	-1.4533969163894653	0.46515071392059326	0.37139150500297546	-0.004656793083995581	0.07954943925142288	0.3781784772872925	0.7051141262054443	-1.7236974239349365	-0.8434810638427734	0.4351435601711273	0.26588720083236694	-0.5870985388755798	0.0826888456940651
1.3222163915634155	0.47718629240989685	0.5031591057777405	0.0810936912894249	0.6877338290214539	-0.9267058968544006	-0.3095420002937317	0.2939282953739166	0.28416186571121216	1.4174400568008423	-0.199405238032341	0.8534289002418518	0.6329856514930725	-0.9783259034156799	-0.33750322461128235	-0.11274096369743347
-1.3302913904190063	0.4060560464859009	0.28204235434532166	-1.6213326454162598	0.08841938525438309	-0.5068522691726685	-0.7054080963134766	1.7762709856033325	1.3903908729553223	2.0930778980255127	0.3332884609699249	-0.25117531418800354	-1.6449593305587769	-0.2777770161628723	-0.26812270283699036	1.6933234930038452
0.009437235072255135	-0.2164951115846634	2.4545161724090576	1.4263033866882324	0.636982798576355	0.8084830641746521	-0.039560187608003616	0.07223580032587051	0.08955226838588715	-1.1718097925186157	-1.6199488639831543	0.9148403406143188	-0.6093220710754395	0.9792113900184631	-0.6901140809059143	-0.4258027672767639
0.420706182718277	0.0898614302277565	-0.3318999111652374	0.2915506362915039	1.4888707399368286	-0.911645770072937	-0.7652704119682312	-0.42732909321784973	-0.724224865436554	-2.4470298290252686	-0.4918176829814911	0.9415167570114136	0.6985501646995544	-0.34920093417167664	-1.0528161525726318	0.5520904660224915
-0.17593824863433838	-1.0562639236450195	-0.8124101758003235	0.05692928284406662	0.7726308107376099	-0.18095560371875763	0.2108791023492813	0.007140043657273054	1.3368169069290161	-2.0790669918060303	1.0063824653625488	1.1077213287353516	-0.5901079773902893	-0.27058276534080505	-0.3530183732509613	0.8917413949966431
0.6838752627372742	-1.3245893716812134	-0.5160818099975586	0.6001842617988586	-0.4702208340167999	-0.6086435317993164	-0.046192239969968796	-1.6457397937774658	-0.4833274185657501	-0.740294337272644	0.31428107619285583	0.1415553092956543	1.0348176956176758	-0.626437783241272	-0.5150923132896423	0.6902897357940674
-0.4938918650150299	1.136716604232788	-0.4619848430156708	1.4200376272201538	0.8484044671058655	-0.04792433977127075	0.668526291847229	1.0429902076721191	0.6898865699768066	-1.31294584274292	0.03781196102499962	-1.170113205909729	-0.10321316868066788	1.1894768476486206	0.7606627345085144	-0.7463024258613586
-1.3860247135162354	0.4855130910873413	-1.003587007522583	0.03291744738817215	-0.4290645718574524	-0.9816635251045227	-0.6414871215820312	0.8248854279518127	1.5925122499465942	-0.12041745334863663	-0.47915759682655334	0.11468210071325302	0.07821875810623169	-0.9222019910812378	-1.2650964260101318	1.082929015159607
0.8562796115875244	-0.8507969975471497	0.27820754051208496	0.18801714479923248	0.39461570978164673	1.3853052854537964	-1.1496268510818481	-1.5261497497558594	-1.2259427309036255	0.23682479560375214	0.19171056151390076	-0.7339210510253906	3.101555109024048	2.035978078842163	2.148017644882202	-1.0959008932113647
2.0455496311187744	1.4033170938491821	-0.9626098275184631	-0.2535094916820526	-0.2900400459766388	-0.8231005072593689	-2.094221830368042	-0.9574635028839111	-0.12171772867441177	0.1252477914094925	-0.07693155109882355	-1.036813735961914	-0.269079327583313	-0.27111801505088806	-0.138473242521286	-0.6329442858695984
1.15841543674469	-0.20654389262199402	1.0545880794525146	0.11400119215250015	-0.513643741607666	-0.4830627739429474	-1.118960976600647	1.826548457145691	-0.9892340898513794	-2.332230806350708	0.537535548210144	0.4883051812648773	0.5861020684242249	0.19024576246738434	-0.39234042167663574	0.42601102590560913
-1.2236651182174683	-0.016091160476207733	-0.36229947209358215	0.13380779325962067	1.7143254280090332	0.03440583497285843	-0.45633700489997864	-0.6790583729743958	0.3009158670902252	-0.6154294013977051	0.06165358051657677	-0.593177855014801	-1.5685380697250366	0.201414093375206	-1.640028953552246	-0.35320642590522766
1.105926513671875	-1.4628233909606934	0.9263630509376526	0.4454762041568756	0.5504929423332214	-2.839603900909424	-1.302295446395874	-0.8629580736160278	0.2884664535522461	-0.05375757813453674	1.1023476123809814	-0.5805639624595642	1.14522123336792	0.7490922212600708	1.341850757598877	-0.4686068296432495
-1.9667845964431763	-0.23135147988796234	-1.139959692955017	0.9478133916854858	-0.43712490797042847	-0.6911114454269409	-0.23351748287677765	1.5563701391220093	1.962905764579773	-1.0554002523422241	1.050816535949707	1.8305819034576416	-2.1933391094207764	-0.5043341517448425	-0.7942264080047607	-0.11159525066614151
1.8607932329177856	2.621670722961426	0.36848872900009155	0.3808477222919464	0.1972336769104004	-0.23704738914966583	0.30312028527259827	-0.447883278131485	0.47443878650665283	0.6490208506584167	1.1658055782318115	0.016279103234410286	0.5327919721603394	-0.6043248772621155	-0.17393873631954193	0.6111258864402771
-0.8083271384239197	-1.118430733680725	0.1994389295578003	-0.7871413826942444	-1.7730679512023926	-0.24780386686325073	-0.4476126730442047	2.191929817199707	-0.49489131569862366	-1.303010106086731	0.7105320692062378	0.02771114371716976	-0.3189120590686798	-0.24977415800094604	-1.1928648948669434	-0.9532382488250732
-0.11011265218257904	0.09628865867853165	0.4954918324947357	-0.2762168049812317	-1.32486093044281	0.3650403320789337	0.6770960688591003	-0.9245275855064392	0.5699209570884705	-1.1557574272155762	0.08125221729278564	0.7971222996711731	0.4818169176578522	-0.053829293698072433	1.6431944370269775	0.5580188632011414
-1.9076015949249268	2.3264997005462646	-0.6159870028495789	0.732297956943512	-0.4550366997718811	-2.4411075115203857	1.2016856670379639	0.15828938782215118	-0.7870290875434875	1.759812593460083	1.6595470905303955	0.08398973196744919	0.5591754913330078	0.3282485008239746	1.0522639751434326	1.0564082860946655
-0.5111831426620483	0.7640215754508972	-0.546187162399292	-0.22689665853977203	0.4353204071521759	-0.12349888682365417	0.7645373344421387	-0.3794480562210083	-1.3005393743515015	-0.6475890874862671	0.9833016991615295	1.282218098640442	0.22483915090560913	1.2552523612976074	0.44481223821640015	0.7136914134025574
-1.3024060726165771	-0.05456529185175896	1.9293218851089478	0.32529452443122864	0.1582377851009369	-0.7366628646850586	-1.2016232013702393	0.7491025924682617	0.4597949981689453	0.2568635642528534	-1.34892737865448	1.8059378862380981	-0.08721596747636795	-0.16612522304058075	-0.8745729327201843	-0.6702085733413696
-0.4137624204158783	-0.6779468655586243	-0.2624000012874603	-2.1860525608062744	0.04836207255721092	1.0733288526535034	-0.15707209706306458	-0.29016566276550293	-0.9454038143157959	-0.10811389982700348	-0.9924936890602112	0.019391385838389397	-0.5374383926391602	0.8331082463264465	0.0523349866271019	-1.6759581565856934
2.3864004611968994	-1.27985417842865	0.44764912128448486	-1.0049161911010742	-0.8209717869758606	1.1510816812515259	-0.026167433708906174	-0.28916844725608826	-2.7828943729400635	-0.6699011325836182	0.5346648693084717	-1.9964441061019897	1.1946477890014648	-0.10823431611061096	0.25532108545303345	1.0597314834594727
-0.0860859602689743	0.5470818281173706	0.4441959857940674	2.223679304122925	0.5543097257614136	-0.38260847330093384	-0.3145957589149475	1.510338306427002	0.004187769256532192	-0.4970601797103882	1.8966153860092163	-0.3992381691932678	-1.798543095588684	2.71336030960083	1.466764211654663	0.8364981412887573
0.3076152801513672	0.5622744560241699	1.669381856918335	1.4556223154067993	-0.16940279304981232	1.5652403831481934	-0.5234336256980896	-0.9246041178703308	-1.3751574754714966	-0.08280480653047562	-0.5541605949401855	-0.850464940071106	-0.39776068925857544	0.44574329257011414	0.7870811223983765	1.2478289604187012
0.8278312683105469	0.0026943946722894907	0.826482355594635	1.7993475198745728	0.9685669541358948	0.4578194320201874	0.19317743182182312	0.16875196993350983	0.4139150381088257	1.4245661497116089	-1.3873014450073242	0.38025176525115967	0.25516295433044434	-1.5851386785507202	-1.7544423341751099	-0.272083580493927
0.06021009385585785	0.08752808719873428	0.8197357058525085	1.4437336921691895	0.1264437884092331	0.7039919495582581	-0.9543546438217163	-1.2673006057739258	0.6247377395629883	0.36462023854255676	-1.2397209405899048	1.7969961166381836	1.6315340995788574	-1.150155782699585	-1.4034327268600464	-2.143888235092163
-0.12159602344036102	-0.8537062406539917	-1.632036566734314	0.3255975544452667	1.1777671575546265	0.3265823423862457	-0.385943204164505	2.8744969367980957	0.8184036016464233	0.8395645618438721	1.8715096712112427	0.5647088289260864	0.06155834347009659	-1.5871262550354004	-0.4486910402774811	0.5733292698860168
0.5887611508369446	-2.6993308067321777	-1.7706172466278076	-1.234025239944458	-0.8758450746536255	-0.5404911637306213	-0.683354377746582	-0.6451135277748108	0.5204508900642395	-0.7315682768821716	-0.34392765164375305	0.5771089792251587	-0.22250522673130035	0.813829779624939	-0.8417865037918091	-0.716090977191925
0.3222736418247223	0.30384427309036255	0.5333723425865173	1.687512755393982	-0.1531253606081009	-2.5256450176239014	0.11770136654376984	2.131498336791992	-1.0250664949417114	0.07405156642198563	-1.5705499649047852	0.37804314494132996	0.7115924954414368	1.084936499595642	0.7000336050987244	0.08625617623329163
1.0996993780136108	0.23461712896823883	0.12242157012224197	-1.1945114135742188	-0.8192504048347473	0.5126610994338989	0.26017025113105774	-0.8991919755935669	-0.37246719002723694	1.3723584413528442	0.16227295994758606	-1.0649163722991943	-0.7046751976013184	-0.9552144408226013	-1.6402121782302856	1.0389028787612915
-1.2206929922103882	-1.8008599281311035	0.22306405007839203	0.5778140425682068	0.172016441822052	-1.204053282737732	0.3826849162578583	-0.8532142043113708	1.5506926774978638	-0.4977783262729645	-0.9376628398895264	2.0748181343078613	-1.8131378889083862	1.9853557348251343	-0.8100626468658447	0.279103547334671
-0.42309874296188354	0.5058332085609436	0.5486167073249817	1.362667441368103	-0.1493956446647644	-0.2580983638763428	-0.8983703255653381	-0.8353273868560791	-0.46602436900138855	-0.04617498070001602	0.6469869017601013	0.3556182384490967	0.5915811061859131	1.263832688331604	-0.380283385515213	0.5776862502098083
0.5727702379226685	-1.0384559631347656	1.2753963470458984	0.8749071955680847	-0.09091293811798096	0.8027111887931824	0.8663670420646667	-0.2930273413658142	-1.5103706121444702	-2.555046796798706	-0.34963178634643555	0.0730348750948906	-0.01710834912955761	1.3161542415618896	-0.15801768004894257	1.5602900981903076
-0.6806105971336365	-2.2412312030792236	-1.5255374908447266	-0.5185980200767517	0.24827677011489868	-0.562014639377594	0.6499660015106201	-2.207488775253296	-0.43590134382247925	-0.462719589471817	1.1255688667297363	1.1508841514587402	-1.0325413942337036	0.05874728038907051	-0.8276532888412476	1.6289554834365845
1.2583074569702148	-1.4960815906524658	-1.1885888576507568	-1.0744696855545044	-1.4846765995025635	-2.7909765243530273	1.591737985610962	-0.3066657483577728	0.9403890371322632	-1.054107427597046	0.24047251045703888	1.0705324411392212	1.044678807258606	-0.45522409677505493	-1.3693609237670898	-0.5057107210159302
-0.514845609664917	-0.19384755194187164	0.7817396521568298	-0.45990657806396484	-2.6814396381378174	0.15180909633636475	1.6398836374282837	1.4423472881317139	-0.4716644585132599	-0.8898115158081055	0.32414233684539795	-0.3396444618701935	0.37867143750190735	1.608174204826355	1.4015580415725708	-0.1960543990135193
1.5921635627746582	-0.980457067489624	0.797197163105011	-0.790018618106842	1.25491201877594	-0.8425520658493042	-0.4887685775756836	0.5585821866989136	0.8766523003578186	-1.3049417734146118	2.8229622840881348	-0.43173715472221375	-0.29388588666915894	1.1848664283752441	1.1320602893829346	-0.8545867204666138
0.05200060084462166	-0.328416645526886	-2.2472424507141113	-0.4478961229324341	0.4234807789325714	-0.3874453008174896	-0.22961373627185822	-0.4069501757621765	0.8704280853271484	-1.0552898645401	-1.32847261428833	0.706020712852478	0.35730311274528503	0.589309811592102	0.9186224937438965	0.666252076625824
-0.6454778909683228	-0.5844295620918274	-0.45223793387413025	0.560931384563446	1.1851468086242676	0.19280897080898285	1.0180017948150635	-1.2520625591278076	0.6208457350730896	-0.795228123664856	0.5156642198562622	0.384878933429718	0.46652930974960327	0.45139673352241516	-1.3927693367004395	-1.2717840671539307
-0.5297676920890808	-0.7198930382728577	-0.38487356901168823	-0.32915377616882324	-0.9142951369285583	-1.06318199634552	1.0441173315048218	-0.7759918570518494	0.010373901575803757	1.3136930465698242	-0.7807023525238037	-1.0561076402664185	-0.2685704827308655	2.6192736625671387	-0.6633691191673279	0.37978675961494446
1.3317553997039795	-1.3022315502166748	1.6566109657287598	-2.872133255004883	-0.5421855449676514	-0.6339123845100403	-2.1568191051483154	-0.35674265027046204	-0.07714071869850159	0.671525776386261	1.359947919845581	-2.0465712547302246	-1.5706552267074585	0.38508710265159607	0.4717870056629181	-2.279242753982544
-0.2887134253978729	0.0868309885263443	-0.016007263213396072	-0.41588249802589417	-0.10122077912092209	-0.3139425218105316	-0.5360757112503052	0.07017067819833755	-0.8677968978881836	0.272386372089386	1.9819157123565674	-0.6683217883110046	1.2301115989685059	1.35554838180542	0.8326003551483154	0.3891291916370392
0.4927919805049896	-0.5128253102302551	0.3006223738193512	0.07734657824039459	0.6477669477462769	-0.4324244260787964	1.1740480661392212	0.7011352777481079	0.6674330234527588	-0.8035953640937805	-1.3776048421859741	-0.4410470724105835	0.1417587250471115	1.1084681749343872	0.5544233322143555	1.5817502737045288
-1.207351565361023	0.9331381320953369	-1.6171422004699707	0.6435127258300781	-0.08805707842111588	0.12947353720664978	-1.7368459701538086	-0.825932502746582	1.1919794082641602	0.4073696434497833	0.00570336589589715	-0.08809187263250351	-1.3428767919540405	0.6265175342559814	-0.11172480881214142	0.19657017290592194
-0.19266872107982635	0.08137687295675278	0.9833356142044067	-1.1367470026016235	0.4090733528137207	-0.03861527144908905	1.5719202756881714	-1.5497279167175293	-0.17937202751636505	2.137214422225952	-0.2548699676990509	0.5559403300285339	0.7767301201820374	1.0443391799926758	0.058122668415308	-0.15394943952560425
0.5422881245613098	-0.06924256682395935	0.502845287322998	-0.08698030561208725	0.45286524295806885	1.2155752182006836	1.625792384147644	0.8844509720802307	0.6302003264427185	-1.0203803777694702	1.0627877712249756	-0.3216457664966583	-0.3649340271949768	-1.3015353679656982	-1.8997453451156616	-2.385157823562622
-0.002440853975713253	-0.4819367825984955	0.5411360263824463	1.8249897956848145	-1.1781853437423706	0.25926485657691956	0.49898603558540344	0.10075277090072632	1.3205190896987915	1.246932864189148	0.5696625113487244	0.6631539463996887	-0.290414959192276	-1.2436082363128662	-0.26643607020378113	-0.7198935747146606
0.3965456783771515	0.27137133479118347	-0.04718949645757675	0.6255685091018677	0.08692827075719833	0.5371873378753662	1.0251553058624268	1.3619625568389893	0.863558292388916	-0.19362308084964752	-1.2690132856369019	-1.6977487802505493	0.1523786187171936	-1.6124215126037598	1.7634247541427612	-0.2901459336280823
-0.05705200880765915	1.1167792081832886	-0.4844551682472229	-0.09700028598308563	-0.10481853038072586	1.5500794649124146	0.6790995597839355	0.144754558801651	1.1019315719604492	-0.7966504693031311	0.8020488023757935	-1.3954017162322998	1.016352653503418	-1.024393916130066	-1.140398621559143	-0.46498170495033264
0.03201763704419136	-0.013211822137236595	1.3789352178573608	0.21980129182338715	-2.0854222774505615	0.4019792377948761	1.4342002868652344	-0.9615471959114075	-0.4965670108795166	-0.5460259318351746	0.34683653712272644	-0.17676812410354614	0.9467746019363403	-0.0668477788567543	-0.2708486318588257	3.433258295059204
-1.1086702346801758	-0.5144711136817932	-0.048623766750097275	0.6384342312812805	0.06089723855257034	-0.8066251873970032	1.0455158948898315	0.4779137969017029	0.27855098247528076	2.537365198135376	0.4987061321735382	-0.09484614431858063	-1.423272728919983	-0.9170842170715332	0.3047800362110138	-0.218037948012352
-1.5925081968307495	-0.31838440895080566	0.6874749064445496	1.2877185344696045	1.942435622215271	1.7615865468978882	0.3547545075416565	-2.7974014282226562	-0.09780525416135788	-1.2722976207733154	-0.2497996687889099	-0.7141458988189697	1.6885101795196533	-0.7399581074714661	0.2372680902481079	-0.39049071073532104
0.45128580927848816	-0.09452182054519653	0.7379087805747986	-1.2084976434707642	-0.6647565364837646	-0.6765873432159424	3.2248175144195557	1.4490985870361328	-1.0952808856964111	-1.209132432937622	-0.9694979190826416	-0.008533076383173466	-0.4382915794849396	-0.6290157437324524	1.0042128562927246	1.1804078817367554
1.0143593549728394	0.6345884799957275	0.876275897026062	0.8142491579055786	0.19723089039325714	-0.6368370652198792	-0.8773228526115417	-1.5507372617721558	-0.7881667613983154	0.5679829716682434	0.7612042427062988	0.5570775270462036	1.2979209423065186	1.7559301853179932	0.21137920022010803	1.486271858215332
0.42249900102615356	0.25709086656570435	0.7521346211433411	2.1987736225128174	0.12235090136528015	0.6775955557823181	-0.2006656676530838	1.2666242122650146	-0.31902894377708435	-0.9996564984321594	-0.4161910116672516	2.109276056289673	-0.5971353054046631	-0.43920060992240906	1.4109104871749878	-0.1272747963666916
-0.19065411388874054	1.190985918045044	1.4900437593460083	0.7707725763320923	-0.2522779703140259	0.5988560914993286	-0.17245832085609436	-0.6229721903800964	-2.2005982398986816	0.5202637910842896	-0.6036149263381958	-0.05456897243857384	-0.2998136579990387	1.2863008975982666	-1.2554067373275757	-0.15867879986763
-0.056930068880319595	-1.572370171546936	-1.92686128616333	-0.3632001280784607	0.4417303204536438	-1.58750581741333	1.389302134513855	-1.8302968740463257	1.6163791418075562	0.010876264423131943	-0.9671391248703003	0.4432123899459839	-0.6886447668075562	-0.3927866518497467	0.1313963234424591	0.9561495184898376
-0.817932665348053	0.6230684518814087	-0.867901086807251	0.011357063427567482	-0.7327634692192078	0.7017071843147278	0.8222146034240723	0.839052140712738	0.9060389995574951	-1.7252490520477295	-1.14185631275177	0.134712815284729	-0.6870968341827393	-0.1429414600133896	0.33954787254333496	2.6294333934783936
-2.0288805961608887	-1.0507131814956665	0.5688602924346924	0.7754255533218384	1.1569366455078125	0.38533151149749756	-1.2410370111465454	-0.8990506529808044	2.441972494125366	-1.9563038349151611	0.5143081545829773	-1.3574589490890503	-0.6277382969856262	-0.25913578271865845	-0.7738491892814636	-1.5181936025619507
-0.00024360809766221792	0.22575309872627258	1.576786994934082	0.3121214807033539	0.47968313097953796	-0.9480606317520142	0.3401125371456146	0.22702422738075256	-0.7230036854743958	-1.3714394569396973	-0.34928739070892334	-1.008933186531067	-0.3644048273563385	2.0368270874023438	-1.3411500453948975	0.06395447999238968
-0.11366137862205505	0.31969910860061646	0.6630554795265198	1.2130404710769653	-1.0840282440185547	-1.5934075117111206	-0.8450984358787537	1.1360582113265991	0.03598451614379883	-0.5363286137580872	-1.4663089513778687	1.420749545097351	0.5624810457229614	0.3554110825061798	-0.94162917137146	-0.12221628427505493
0.7856505513191223	-0.901562511920929	-2.3946244716644287	-0.8029589653015137	0.5420262217521667	1.0695850849151611	-0.31845909357070923	1.4053860902786255	1.5858871936798096	-0.07545464485883713	-0.4930141568183899	-0.18634364008903503	0.38474780321121216	0.3187422454357147	-0.5225250720977783	-0.4121348261833191
0.22486643493175507	-1.478272557258606	0.39120808243751526	-0.227678582072258	-2.042940378189087	-0.061913665384054184	-0.6069206595420837	-1.0855810642242432	-0.40845921635627747	-0.013076264411211014	-0.13714531064033508	1.195425271987915	1.728020429611206	2.0434181690216064	-0.28767430782318115	-1.2686527967453003
-0.8031021356582642	-0.6826303005218506	0.22253388166427612	-1.4604079723358154	0.030112605541944504	0.3675949275493622	-1.3542087078094482	-0.6381058096885681	-1.149711012840271	-0.24012072384357452	-0.5599613785743713	0.5307204127311707	0.5144903063774109	-0.8273568749427795	-0.5111842751502991	0.7245117425918579
0.7206961512565613	1.442919135093689	-0.2793818712234497	1.4208835363388062	-0.9557413458824158	0.35543981194496155	-0.4437130093574524	-0.10276045650243759	-0.00362213677726686	-0.4866924285888672	-0.10186147689819336	-0.10688398033380508	1.1965510845184326	-0.11567442864179611	-0.7676718831062317	-0.6938434839248657
3.0867626667022705	-1.2571614980697632	1.9167436361312866	-1.2155253887176514	-1.5509272813796997	0.17718033492565155	-0.6493727564811707	-0.4981450140476227	-1.2704657316207886	0.06064290925860405	0.9687885642051697	-1.4558172225952148	0.9083454608917236	-0.3344741761684418	2.188281536102295	0.14969949424266815
-1.0230128765106201	0.7301573157310486	-0.037559278309345245	-1.4785913228988647	0.3356451094150543	-0.08221443742513657	-0.7208014726638794	-0.6409339308738708	1.9580318927764893	0.025813506916165352	1.9720097780227661	0.09785530716180801	0.8270775079727173	1.0374153852462769	0.09905923902988434	-0.052155960351228714
0.3934413492679596	-1.0776245594024658	-1.1136327981948853	-0.4550517499446869	-0.9969738125801086	0.5275256037712097	-0.9656172394752502	0.7439983487129211	0.6530548334121704	-0.29771488904953003	0.11960411071777344	-1.2576820850372314	-0.884376585483551	-0.5671247243881226	0.026240158826112747	0.8249680995941162
-1.2704685926437378	0.8758370280265808	0.7092999815940857	-0.689864456653595	0.3646105229854584	0.2839008867740631	2.412715435028076	-0.412130743265152	-1.0839496850967407	-0.31696775555610657	0.1210465133190155	-0.7263756990432739	-0.8872634172439575	-1.0584050416946411	1.306418776512146	-1.2964608669281006
0.3910079598426819	-0.26282399892807007	-1.2038769721984863	0.1947338879108429	0.017877863720059395	0.8152998089790344	-1.3426703214645386	1.3309352397918701	0.4466228187084198	1.2141139507293701	-0.2084519863128662	-0.05405383184552193	-0.04324416443705559	0.034553565084934235	-0.6575573086738586	1.033793568611145
-0.4148663282394409	0.06798802316188812	1.9519258737564087	-0.5942212343215942	0.338830828666687	1.6260669231414795	-0.9427244067192078	-0.8679729700088501	0.9991892576217651	1.3947263956069946	-1.2530845403671265	0.17941853404045105	-0.3096543848514557	-0.5381394028663635	-0.529532253742218	-0.7303028106689453
-0.759240448474884	0.7833302617073059	0.020129850134253502	0.5664387941360474	-1.0470370054244995	-0.7445070147514343	-0.8839635252952576	0.9368607997894287	0.5647100210189819	-1.6245256662368774	0.11496427655220032	1.5645782947540283	0.16696643829345703	1.167166829109192	-0.9834494590759277	-0.9686638712882996
1.086197018623352	-1.8017961978912354	0.33497050404548645	0.5498440861701965	0.9278770089149475	-0.4040631353855133	-0.42165300250053406	-0.08358058333396912	0.3849351406097412	-2.0952260494232178	-0.5973325967788696	-0.08928525447845459	-0.5270823240280151	-0.02678833343088627	-0.4664786756038666	0.49305063486099243
0.19355051219463348	0.22432811558246613	-1.3423054218292236	0.7636085748672485	0.7650226354598999	-0.48657527565956116	0.37080883979797363	-2.186434030532837	-1.753791093826294	0.015548927709460258	-0.4951797425746918	-0.9938786029815674	-1.0371367931365967	-1.277808666229248	-0.3287216126918793	1.0259902477264404
-1.7232664823532104	-0.7197940945625305	1.3336713314056396	0.8612886667251587	1.1512274742126465	-0.7587826251983643	-0.782042920589447	0.2435537874698639	-0.688709557056427	0.15353170037269592	-0.9439995288848877	-3.0556154251098633	0.8515995740890503	0.23756161332130432	0.25895652174949646	1.878872036933899
-1.2203898429870605	-0.595975935459137	-0.2598941922187805	-1.1452223062515259	0.8302700519561768	1.205316424369812	-1.4906673431396484	-3.749164581298828	-0.5691324472427368	-0.7574865221977234	-0.9847634434700012	-0.44646546244621277	0.017875956371426582	2.2263522148132324	0.5585058331489563	-0.5831851363182068
-0.47403836250305176	-0.2046584039926529	1.8016160726547241	-1.5026286840438843	-1.6721491813659668	-1.0342477560043335	-1.154031753540039	0.30993425846099854	-1.0456321239471436	-0.6469354033470154	-0.1926068663597107	1.6102747917175293	-0.24433229863643646	-0.14306455850601196	0.42162439227104187	-0.05266977846622467
-0.25313904881477356	-0.509974479675293	-1.0388429164886475	-1.4788728952407837	-0.08156851679086685	-0.5443440675735474	1.0116970539093018	-0.7630782127380371	1.2353487014770508	-1.0142831802368164	-0.11931851506233215	0.4192369282245636	1.1436153650283813	0.30930837988853455	0.7291154861450195	-0.9557728171348572
-0.2704100012779236	0.9056538939476013	-0.5172762274742126	-0.03331855311989784	-0.9460030198097229	-0.2533549666404724	0.1271940916776657	0.8306633234024048	-0.6251158714294434	2.0524561405181885	-1.402727723121643	1.347193717956543	1.343400239944458	1.972733497619629	0.9345818161964417	-1.6068919897079468
-0.2404494285583496	0.2303418219089508	-0.11982905864715576	-0.3902777135372162	0.44544869661331177	1.0969300270080566	0.8026463389396667	0.8952510952949524	-0.06344160437583923	-1.6093806028366089	0.1348121017217636	-1.2146214246749878	0.9847849607467651	1.4567331075668335	-0.4075417220592499	0.8431047201156616
1.0872974395751953	-0.6496888399124146	-0.4467424750328064	1.0541642904281616	-0.055236462503671646	0.0800023153424263	0.7895310521125793	0.5393197536468506	-0.36700543761253357	0.47877025604248047	-2.8724992275238037	0.01471545547246933	-0.31310969591140747	-0.828901469707489	-1.7169514894485474	1.4762771129608154
-0.6270020008087158	-0.48489412665367126	0.3118998110294342	-0.7529357671737671	-0.10753311216831207	-0.10882143676280975	2.0735387802124023	0.490574449300766	0.0027847010642290115	-1.328728199005127	0.08153413981199265	-0.1169866994023323	0.058210864663124084	1.5666080713272095	-0.8675835132598877	0.7231939435005188
0.6186665892601013	-0.20669011771678925	0.3344322443008423	0.14349648356437683	-1.7507108449935913	-0.667955756187439	0.5442538857460022	-0.054482921957969666	-1.3637579679489136	0.44627082347869873	-0.9150997400283813	0.8214277029037476	-0.3000060021877289	1.123671054840088	-1.5868589878082275	-0.2991361916065216
-0.24974681437015533	-0.1577809602022171	0.290000319480896	0.9009150266647339	-1.4991520643234253	0.5679063200950623	-0.033404313027858734	-0.5787312388420105	0.35807791352272034	-1.437003493309021	-0.6098144054412842	-1.5777615308761597	-0.8119359612464905	0.24630588293075562	-0.11574193835258484	1.6635072231292725
0.727867841720581	-0.43164971470832825	1.2729606628417969	-0.620797336101532	0.5757105350494385	1.4449323415756226	-0.0688314139842987	0.4198630452156067	1.0334501266479492	-1.104632019996643	1.7238256931304932	1.7522295713424683	-1.38178288936615	-0.5518339276313782	-0.042758647352457047	1.294053554534912
-0.11411508172750473	-0.05626358464360237	0.8497203588485718	-0.8598928451538086	-0.6106158494949341	1.062902808189392	1.2221633195877075	0.7719205021858215	-1.2797062397003174	-1.5433669090270996	-0.6020683646202087	0.3213963806629181	-0.06062175706028938	-1.1703816652297974	-2.7736361026763916	-0.02979770116508007
-0.8995792865753174	0.475860595703125	1.8679029941558838	0.5276106595993042	0.04359987750649452	0.4132298231124878	0.9502387046813965	0.4421994686126709	-0.2002379596233368	-1.4828358888626099	0.5024010539054871	0.28055959939956665	1.349423885345459	-0.894494354724884	-1.6040316820144653	0.6826220154762268
-1.4140352010726929	-0.7065802812576294	0.5695058703422546	0.7648146152496338	-1.417128562927246	0.0774511843919754	-0.7697893381118774	-0.02047460712492466	-1.089727520942688	0.9618913531303406	0.8168057203292847	-2.212627410888672	-0.46902161836624146	-0.6463258266448975	1.530027151107788	-1.4764413833618164
-0.6067472100257874	2.1620535850524902	-0.5938296318054199	-2.7246904373168945	0.7333992123603821	-0.07080653309822083	1.1508347988128662	3.1356704235076904	2.121222734451294	-0.6181491017341614	-1.2347317934036255	1.1482113599777222	-0.5005295276641846	1.2824859619140625	-2.4545998573303223	0.07169732451438904
0.10345280915498734	0.11662960052490234	-0.025208324193954468	0.37889596819877625	0.24449476599693298	-0.8915957808494568	1.434391975402832	-1.929141879081726	-0.5713876485824585	-0.6671413779258728	-0.09199179708957672	0.9548680186271667	0.18484407663345337	-0.11676871031522751	-0.2290954738855362	-0.3448358178138733
-1.0765177011489868	-0.5477657318115234	-0.3289257884025574	0.05841278284788132	2.1100034713745117	0.7726138234138489	-0.34265488386154175	1.2370060682296753	-0.2497664988040924	0.22397132217884064	-0.6875526905059814	-0.489844411611557	0.399687796831131	0.6981958150863647	0.052110325545072556	0.2882064878940582
0.060023803263902664	1.7283152341842651	0.29216238856315613	-0.6925619840621948	-0.8448472023010254	-0.3291638195514679	-0.11414224654436111	-0.8450377583503723	0.30057913064956665	1.6395020484924316	-1.0745155811309814	0.32135939598083496	0.2893712818622589	0.351993203163147	2.0988974571228027	-0.5285747051239014
-1.5123422145843506	-0.12159930169582367	0.5401512980461121	0.3258835971355438	0.4700794517993927	0.3939252197742462	-0.8222540020942688	-1.4704653024673462	0.9031334519386292	0.8645063042640686	0.9530593752861023	-0.40559810400009155	0.7357156872749329	-2.2679619789123535	-0.6278383135795593	-2.0688247680664062
-1.2013641595840454	0.47167959809303284	0.16299106180667877	-0.042061708867549896	-1.1907122135162354	-2.0338611602783203	0.25251179933547974	0.7952914834022522	1.1298789978027344	1.3330607414245605	-1.3877127170562744	0.512601375579834	0.31956747174263	-0.7998965382575989	-1.0387742519378662	0.7511147856712341
0.7435910701751709	1.2153480052947998	0.23102112114429474	0.31641414761543274	0.015956798568367958	0.9358263611793518	-1.033619999885559	1.5880423784255981	-0.8545258641242981	0.7148030400276184	-1.583782434463501	0.5014548897743225	-0.21155226230621338	-1.1310160160064697	-1.402714729309082	-0.48959627747535706
0.8529690504074097	-0.0945054292678833	-0.17758342623710632	-1.7830359935760498	1.3876755237579346	0.704799234867096	-0.37206950783729553	1.9362279176712036	-0.33563902974128723	-0.09282872825860977	-0.3499780595302582	-0.695315957069397	-0.21091493964195251	-0.05416041612625122	-1.4970672130584717	-1.5403553247451782
0.9970415234565735	0.22361409664154053	0.1824866235256195	0.11481966078281403	0.12260188162326813	-0.6791524291038513	-0.9122662544250488	-0.6621774435043335	1.4480491876602173	1.2456351518630981	-0.38975411653518677	-1.4949251413345337	-0.3248153626918793	1.0993547439575195	0.5815595984458923	0.6448360681533813
-0.5853042006492615	-0.8948419690132141	1.3902589082717896	0.5933206081390381	0.32348236441612244	0.8643041849136353	0.43914133310317993	-1.1694594621658325	-1.9261268377304077	-0.1449107825756073	-0.5992682576179504	1.8020024299621582	-0.6284919381141663	0.053682174533605576	0.5525191426277161	0.14642272889614105
0.9492960572242737	1.4007947444915771	0.4830836057662964	-1.1316239833831787	-0.4395829141139984	-1.0238176584243774	0.5202557444572449	0.0028855171985924244	-1.9196820259094238	0.2817268371582031	-0.1429486870765686	-0.8761072158813477	-0.3991928994655609	0.6521142721176147	-0.1447570025920868	1.0127135515213013
0.8346191048622131	0.58334881067276	0.8451102375984192	-0.38007649779319763	1.3131752014160156	-0.3239893317222595	1.202963948249817	0.29012468457221985	-0.6043083071708679	-0.5458692908287048	0.2958489656448364	0.7279772162437439	0.7564423084259033	-1.2969655990600586	0.43820518255233765	1.2105891704559326
-3.733001470565796	0.15890859067440033	2.059130907058716	1.1056714057922363	2.1612460613250732	0.16214272379875183	1.068954586982727	-1.268774390220642	-0.8514866232872009	-0.3996281325817108	0.3353545665740967	0.6013434529304504	-0.2719145119190216	0.582751989364624	1.3191896677017212	0.3322496712207794
-0.22072899341583252	-0.8860393762588501	-0.32159626483917236	-1.2910714149475098	-0.8489224314689636	-0.06371993571519852	-0.43091756105422974	1.172236442565918	-0.20871014893054962	0.02168727107346058	0.4653416574001312	1.0619126558303833	0.5001896619796753	1.2828878164291382	1.7683347463607788	0.11805804073810577
0.9127081632614136	-1.3906173706054688	-0.7096118927001953	0.9307976365089417	-0.4243218004703522	-0.4821736812591553	0.4773769974708557	-0.1789979487657547	0.4937354028224945	0.5612083077430725	-1.7986558675765991	-0.6078459620475769	-0.5876336097717285	-0.3451770842075348	-0.7287773489952087	-1.4957531690597534
0.5172662138938904	-0.33810266852378845	0.5185189247131348	0.396805077791214	-0.1808888018131256	-0.017329659312963486	0.33513522148132324	-0.9717501997947693	-1.771396279335022	0.7478571534156799	-0.056486595422029495	0.7775623202323914	1.2630224227905273	-1.6512786149978638	0.8837575316429138	0.6112169027328491
-0.8443582653999329	0.035683318972587585	-0.723906934261322	-0.49600455164909363	0.6435168981552124	0.7066112160682678	-0.9865339398384094	1.2371149063110352	-0.014492422342300415	0.3317093253135681	-1.7475347518920898	0.4236065447330475	1.2623103857040405	0.38025593757629395	0.6360087990760803	0.269679456949234
-0.9598025679588318	-0.7858656048774719	0.7005230188369751	-0.43642404675483704	-1.0041019916534424	-0.913608729839325	1.2532116174697876	0.3476158082485199	-1.9970988035202026	0.013360152952373028	0.45337456464767456	1.1801902055740356	-0.998530387878418	-0.6138156056404114	-1.4478827714920044	-0.5915372371673584
-0.6960206627845764	0.5155009627342224	0.723761260509491	-0.18846826255321503	-0.5821011662483215	-0.4351550042629242	-1.2878144979476929	1.9290111064910889	-0.17678959667682648	0.6398148536682129	0.6912683248519897	0.5198960900306702	-0.7546091079711914	-0.033411234617233276	-0.8276495337486267	-0.3524166941642761
-0.5695849061012268	-0.055682312697172165	0.29421162605285645	1.617577075958252	-1.5671700239181519	-0.32333821058273315	-0.4420754611492157	-0.7638113498687744	-1.4820919036865234	-1.3153419494628906	0.9544927477836609	0.06392927467823029	0.26200708746910095	0.12572403252124786	-0.5108978748321533	0.9006754159927368
2.065640687942505	1.0177791118621826	-1.9377926588058472	-0.5477246642112732	-0.18261949717998505	-1.237374186515808	-0.16850030422210693	0.6889405846595764	0.10379577428102493	-0.6988183856010437	-0.5013829469680786	-0.1714429408311844	-1.5409520864486694	-0.33015167713165283	-0.7393417358398438	-1.5102487802505493
0.164057657122612	-0.1842205971479416	-0.5645993947982788	-0.8674213290214539	-0.9902209639549255	1.512236475944519	0.004021754022687674	-0.0016362937167286873	-0.3679196238517761	1.920894980430603	-0.8794889450073242	0.5146103501319885	-0.9991453886032104	-1.4211846590042114	0.6453914046287537	0.5470181703567505
-1.345213532447815	-0.053604211658239365	-1.0824252367019653	0.3194439709186554	-2.232353925704956	-1.0327614545822144	0.20605683326721191	-0.8306403756141663	0.9602468013763428	-1.2232500314712524	0.07760120928287506	-0.15737628936767578	0.4101366698741913	0.49888530373573303	-1.0020676851272583	0.06988406926393509
-0.4001559615135193	-1.3433873653411865	1.7963436841964722	1.474790334701538	-0.8493539690971375	-1.8915528059005737	1.3660331964492798	1.1431069374084473	-0.8361971974372864	-0.49722039699554443	-1.0740792751312256	-0.41635560989379883	-1.651381492614746	0.35488733649253845	-0.474629282951355	1.0416505336761475
0.4186350107192993	1.6658000946044922	-1.815068244934082	-0.4885844588279724	0.31747516989707947	0.8202122449874878	0.2681267559528351	0.5361700057983398	-1.9662251472473145	0.3482596278190613	-0.3840489983558655	0.999902069568634	-0.4117973744869232	1.791818380355835	-0.7668023109436035	-1.3080880641937256
-1.3159312009811401	-0.1285463124513626	1.3067408800125122	0.1913524717092514	1.3767353296279907	0.6891980171203613	0.43920624256134033	-0.04813670367002487	1.122177004814148	2.794304132461548	-0.08464136719703674	-0.24345217645168304	-1.4118974208831787	-1.0503926277160645	1.1106116771697998	0.21369270980358124
0.2848266363143921	0.0893266350030899	-0.9862991571426392	-0.7070043683052063	2.3043711185455322	0.3050979673862457	0.2088993936777115	-0.4456939995288849	-0.8489779829978943	-0.6160040497779846	-1.9506826400756836	1.0111719369888306	0.6559670567512512	1.3252280950546265	-0.6507576107978821	0.6783462762832642
-1.1896052360534668	-0.8835405707359314	-0.02750394120812416	0.6368416547775269	0.881563663482666	0.9913560152053833	0.23676098883152008	0.06024429574608803	-0.6422942280769348	-1.2235106229782104	0.72396320104599	-1.8711017370224	0.34503743052482605	-0.020426949486136436	0.691112756729126	0.34484854340553284
0.3846258521080017	0.17065833508968353	1.3613600730895996	-0.25743967294692993	0.006675096228718758	-0.5435459017753601	-1.4135167598724365	2.7877440452575684	-1.0137349367141724	1.0018988847732544	0.867252767086029	0.24496756494045258	1.3056977987289429	-1.0610368251800537	-0.04071475937962532	-1.9681310653686523
0.47649189829826355	0.7551515698432922	-0.8871564865112305	-0.16891886293888092	0.6196638345718384	-1.7436363697052002	-0.28570878505706787	-1.757622480392456	1.6377766132354736	0.30791226029396057	0.8685089349746704	-1.1677342653274536	-0.6523110866546631	-1.3549275398254395	0.11811203509569168	0.36598002910614014
-0.7382861971855164	0.8807538747787476	-0.7660220265388489	1.4586374759674072	1.7722197771072388	0.3297901749610901	0.6583161354064941	0.6427205801010132	0.4019727110862732	0.6624903678894043	-0.8155662417411804	1.7509797811508179	-0.0710199698805809	-0.31903091073036194	0.9802222847938538	0.11916070431470871
-0.061650004237890244	-0.9422562718391418	1.4318740367889404	0.1315414309501648	-0.18215878307819366	0.3660219609737396	-0.675353467464447	-0.3210161328315735	-1.2090851068496704	0.07761035859584808	0.17575320601463318	0.5788778066635132	1.5511630773544312	0.08440766483545303	-0.28752997517585754	-0.6622596979141235
-0.28490808606147766	-0.4032266438007355	-0.2793760299682617	0.4725905954837799	1.2273072004318237	1.5902217626571655	-2.180763006210327	0.4262848496437073	-1.611549973487854	0.4721854031085968	0.8603372573852539	-0.8459319472312927	-0.26431068778038025	0.14071489870548248	0.3880649209022522	-0.6290711760520935
1.5217880010604858	0.13753710687160492	1.5909737348556519	-0.033295635133981705	-0.5217909216880798	0.3329031467437744	0.4780861735343933	0.06113118678331375	1.7131638526916504	1.6430716514587402	0.29346418380737305	-0.16650602221488953	-0.3433419167995453	0.31089046597480774	-1.282768726348877	0.31931108236312866
-0.006392090581357479	-0.3764994740486145	2.26790452003479	0.9991295337677002	-0.29817965626716614	-0.7564722895622253	-0.20476730167865753	1.4050134420394897	-0.9434784054756165	2.028413772583008	0.3931218087673187	0.4133138656616211	0.4638989567756653	-0.02982614003121853	1.2715272903442383	1.0848640203475952
-1.2603734731674194	-0.10142417997121811	-0.5096725225448608	0.46463125944137573	0.43208014965057373	1.1320971250534058	-1.6128813028335571	1.0535649061203003	-0.668641984462738	-0.589512288570404	0.09208352118730545	0.3287613093852997	0.7509754300117493	2.013150215148926	0.15284809470176697	0.37832674384117126
0.5123652219772339	-0.01676046848297119	-2.63411808013916	-1.235696792602539	1.5324345827102661	-0.6638962030410767	0.5174692869186401	0.5505032539367676	0.8269566893577576	1.118781566619873	1.9586423635482788	1.7486286163330078	0.22946231067180634	-1.4769301414489746	-0.31971636414527893	1.3522557020187378
-0.0013081689830869436	-0.7067850828170776	-1.1300647258758545	-1.4042996168136597	-0.4729798138141632	-0.32746657729148865	-0.07652739435434341	-0.8459300994873047	-1.349684476852417	-0.96039879322052	0.19255417585372925	0.3538035452365875	1.9460097551345825	1.1143321990966797	0.7457177639007568	-0.5486255884170532
-1.5138745307922363	1.6731632947921753	-0.6232449412345886	-1.1424720287322998	2.0635387897491455	1.4605509042739868	-1.1225675344467163	1.178790807723999	-0.45262065529823303	0.7204394936561584	0.06812171638011932	0.5068334937095642	-0.9964346289634705	-0.7398862838745117	-0.9763630628585815	-0.7283671498298645
0.6775552034378052	-1.803991436958313	-0.6591257452964783	-0.5256455540657043	-0.003151867538690567	-0.993497908115387	1.0756003856658936	0.2787858247756958	0.46793749928474426	-1.5668320655822754	2.1499557495117188	0.7041256427764893	0.5163678526878357	0.5897992253303528	-0.09778779745101929	1.408607840538025
0.412406325340271	1.9766478538513184	2.4152991771698	0.17196764051914215	1.2254340648651123	0.31211787462234497	0.11838092654943466	0.6695032715797424	1.1711533069610596	0.8486971259117126	0.8383561372756958	0.33689236640930176	-0.5767624974250793	-0.6952466368675232	0.859863817691803	1.217315673828125
0.1873774528503418	-0.6104625463485718	0.33133652806282043	-1.0801277160644531	1.2859532833099365	0.15308447182178497	1.1973494291305542	-0.1765238493680954	-0.14331533014774323	-0.49137797951698303	0.9011844992637634	-1.5827604532241821	-0.6239534020423889	0.7885839343070984	1.7874912023544312	-0.2660059630870819
0.5594387650489807	1.9351317882537842	-0.6655268669128418	-1.6202032566070557	-0.49435508251190186	-0.26527640223503113	-1.4946449995040894	1.1423578262329102	-0.3251098096370697	-1.0798399448394775	0.11330262571573257	0.686428964138031	-0.570132851600647	0.2219977229833603	-0.21989084780216217	0.1578643023967743
-0.554668664932251	-1.8059041500091553	-0.06966494768857956	2.3303935527801514	-0.2843467891216278	0.5769989490509033	-2.0513761043548584	0.14455780386924744	-0.03432277962565422	-1.0083376169204712	-0.76651930809021	-0.033468298614025116	-0.9408400058746338	1.5007578134536743	-0.8517475128173828	-0.38026806712150574
1.0483120679855347	0.5620762705802917	0.1674565225839615	1.7962737083435059	1.4627124071121216	-1.1228853464126587	0.39917537569999695	0.8535420894622803	-0.5117893218994141	-0.9327182173728943	-1.19485342502594	1.2631806135177612	-0.964680552482605	0.17413856089115143	-0.6500479578971863	-0.3490102291107178
0.11516544967889786	0.1726173311471939	1.5209017992019653	0.5924310088157654	1.627730131149292	0.3072717785835266	-1.1435816287994385	0.33081725239753723	1.306586503982544	-1.066713571548462	1.6770265102386475	0.04835093393921852	-1.769053339958191	-0.6244946122169495	-0.1856669783592224	0.13208071887493134
0.41918376088142395	-0.8154667019844055	-0.6950612664222717	0.8987486362457275	-0.763476550579071	-0.19663105905056	-0.3633078634738922	-1.5530608892440796	-0.8605437278747559	-0.400406152009964	1.6809849739074707	-0.11213089525699615	-0.5451535582542419	0.5253366231918335	0.6945744156837463	0.730522096157074
1.8554964065551758	0.531816303730011	1.7433106899261475	-0.9551387429237366	-2.38549542427063	-0.3942853510379791	0.24268679320812225	1.0095709562301636	0.48323890566825867	1.1431609392166138	0.773735523223877	0.23769421875476837	-0.2486528754234314	0.4315904676914215	0.668925940990448	-0.05422823131084442
0.7900369763374329	1.1184965372085571	1.0200153589248657	0.3442347049713135	-0.8956654071807861	1.9432945251464844	-3.013174057006836	-0.45122256875038147	-0.8386818170547485	1.1821188926696777	1.7938276529312134	-0.14655427634716034	0.1320752203464508	-0.2459937036037445	-0.5130274891853333	0.8360195159912109
-2.2064199447631836	0.851718544960022	-0.6442750692367554	0.3346565067768097	0.9198439717292786	0.16957810521125793	0.8282133340835571	0.971833348274231	-1.6522250175476074	-2.1300554275512695	-0.9802889227867126	0.6800500750541687	-0.5117077231407166	-0.6374530792236328	1.9407867193222046	-0.7318258881568909
1.4928046464920044	-0.44207483530044556	-0.4163897931575775	0.3528984785079956	0.08217259496450424	-0.18814784288406372	-0.473893940448761	-0.9800747036933899	-0.659895122051239	0.9854285717010498	-0.2408774495124817	0.8927918076515198	-0.06130064278841019	-1.6911126375198364	-1.8400158882141113	0.00723305344581604
-1.0474393367767334	-2.081787109375	-1.7865453958511353	-0.05911513417959213	-0.723232626914978	1.3363693952560425	-0.1106681376695633	1.6259111166000366	-0.4360605478286743	-0.8490879535675049	-0.48934847116470337	-1.1421772241592407	-0.24372614920139313	-0.7728445529937744	-0.7279576063156128	1.814359188079834
-0.2940947711467743	-0.347406804561615	-0.4973074495792389	-1.300304651260376	1.3097118139266968	-0.2669365108013153	0.19708174467086792	-0.6982208490371704	1.1388994455337524	0.18946871161460876	-0.009662110358476639	0.3540326952934265	-0.4238981306552887	1.0713034868240356	2.7129242420196533	-0.19172711670398712
1.7504220008850098	-0.11183983087539673	-0.8219856023788452	0.797583818435669	-0.7686708569526672	1.5376242399215698	-1.7771536111831665	-1.0644007921218872	1.0508025884628296	1.3840348720550537	-1.5025416612625122	-1.086596131324768	2.1495513916015625	-0.9262213110923767	-0.8616977334022522	-0.01326045859605074
1.141250729560852	-0.23205029964447021	-2.334702968597412	1.108527660369873	-1.647140383720398	0.3474917709827423	0.7838438749313354	-0.9762387871742249	-0.5586040616035461	-1.195632815361023	-1.6486876010894775	-0.12708188593387604	0.06384465843439102	0.17730727791786194	0.16877061128616333	-0.6914320588111877
-0.023368066176772118	2.319844961166382	-0.1982346773147583	-0.24622468650341034	1.3914949893951416	-0.6208540201187134	-1.6136797666549683	0.7277482151985168	-0.6929577589035034	-0.26280927658081055	0.6682745218276978	1.4120997190475464	-1.1097158193588257	-0.062315359711647034	0.4318448305130005	-0.7596948742866516
0.219438374042511	-0.5401302576065063	0.1761363446712494	-1.7472172975540161	-0.80610591173172	0.47140806913375854	0.40065035223960876	0.5311523675918579	-0.48900941014289856	1.2916473150253296	2.3355977535247803	0.08808503299951553	-0.21397553384304047	1.791622281074524	0.2773098945617676	-0.03879859298467636
-1.5599859952926636	0.6812014579772949	1.322394847869873	0.6394963264465332	-0.5145197510719299	-0.4380933344364166	-0.26922377943992615	0.6755010485649109	-0.10174249857664108	0.47007590532302856	0.29594460129737854	-0.8164132833480835	0.04882962256669998	1.195387840270996	0.2991988956928253	-0.30686140060424805
0.44312024116516113	0.38025468587875366	-0.4895261526107788	-0.9123900532722473	-0.22161398828029633	0.4685092866420746	1.0816113948822021	-0.48385846614837646	-0.08579576015472412	0.6015344262123108	0.2023349553346634	-0.6276659965515137	1.150371789932251	-0.1295151710510254	1.5988091230392456	0.09490405023097992
0.28148600459098816	0.0870591476559639	-0.2571164071559906	2.218086004257202	1.2399260997772217	-0.6574800610542297	1.8483912944793701	-1.1965248584747314	-0.45394372940063477	1.424481749534607	2.2693793773651123	1.3105732202529907	-0.3178305923938751	-0.377331405878067	2.2604520320892334	-0.330857515335083
-0.8786571025848389	1.7516326904296875	1.840545654296875	-0.30217427015304565	0.3474022150039673	0.27663955092430115	-1.153547763824463	-0.3055497705936432	-0.28867197036743164	0.02845139428973198	0.1182299256324768	-0.6497724056243896	-0.5416838526725769	0.49192991852760315	-0.9068337678909302	0.370126336812973
-0.5717689990997314	-1.5560849905014038	-0.963272750377655	-0.4366426467895508	-0.008548851124942303	0.04460039362311363	-0.35373425483703613	0.157531276345253	-1.1567039489746094	1.8155626058578491	-2.0921242237091064	-0.6517398357391357	1.1426424980163574	-0.7538384199142456	-1.4663194417953491	0.08024327456951141
-0.631687581539154	-0.741042971611023	1.8064100742340088	0.9378290772438049	-0.3845072388648987	0.6584944725036621	0.7617189884185791	-0.6450565457344055	-3.6308207511901855	-2.186333417892456	0.2644297182559967	-0.5598688721656799	1.4537123441696167	-0.2962597608566284	-0.4701359272003174	-1.4990607500076294
2.2399404048919678	1.5458002090454102	1.3420332670211792	0.7394000291824341	1.1773650646209717	0.7208983898162842	1.3964351415634155	-0.5930098295211792	-2.9594027996063232	-0.5383491516113281	1.1970722675323486	-0.4082137644290924	2.396265983581543	1.3635797500610352	0.9152905941009521	-0.8968737125396729
-0.19019685685634613	-0.3815460503101349	0.4074942171573639	1.3031448125839233	0.008890797384083271	0.1983160376548767	0.5463584065437317	0.7050380706787109	0.44493773579597473	-0.8524731993675232	0.5609046220779419	0.5304275155067444	-0.009731868281960487	0.7301910519599915	-1.1304126977920532	1.0344126224517822
-0.38931718468666077	1.4754453897476196	-0.17086558043956757	-2.0883853435516357	0.7963455319404602	0.4962165355682373	0.6029451489448547	-0.5226418375968933	1.0360978841781616	0.5318379998207092	-0.31479185819625854	0.02101830020546913	-0.054547298699617386	-0.8116031885147095	-0.26106584072113037	-0.6925831437110901
1.6964008808135986	-2.280337333679199	-2.290360927581787	0.42635855078697205	0.660404622554779	-0.25611594319343567	-0.12600581347942352	0.006590791512280703	-0.6717303991317749	-1.2964307069778442	-0.01821814477443695	0.28992876410484314	0.5502053499221802	-0.08545133471488953	1.0954794883728027	0.7921525239944458
1.448978066444397	-0.7493903040885925	-0.5294937491416931	-2.1086957454681396	1.6876479387283325	0.557034969329834	0.3770939111709595	0.19598467648029327	0.3476381301879883	-0.35532623529434204	-0.34788259863853455	0.1473623514175415	-0.5303210616111755	0.49088436365127563	-1.763861894607544	1.5765658617019653
0.35557880997657776	-1.8119956254959106	0.46456533670425415	-0.5480055212974548	-1.0596323013305664	0.17400209605693817	0.3821587562561035	-0.19578315317630768	-0.15132415294647217	0.6255783438682556	-0.6219030618667603	-1.087320327758789	-1.3252053260803223	0.377226859331131	-0.058408889919519424	-1.4766138792037964
-1.0612413883209229	1.4309026002883911	-0.10203655064105988	-1.0776865482330322	-0.9763000011444092	0.9747154116630554	1.1496717929840088	-1.1119272708892822	-0.9741629958152771	1.5393391847610474	0.3923477828502655	-0.22578147053718567	0.6530395746231079	0.7896068096160889	-0.0037556926254183054	-0.5974094271659851
0.2695809602737427	-0.03160231187939644	-1.2756946086883545	-0.6372569799423218	-0.7615535855293274	-0.4670298099517822	-1.2028323411941528	-2.4587764739990234	-0.4898880124092102	-1.5937029123306274	0.9481494426727295	-0.42648154497146606	-1.4827039241790771	-0.4504457712173462	0.8889638781547546	-1.1525547504425049
0.1952209770679474	-0.3414546847343445	0.027242081239819527	-0.12241644412279129	-0.43778881430625916	-1.7947118282318115	-1.5306038856506348	-0.11174574494361877	0.9697062969207764	-0.09885479509830475	0.17447537183761597	0.2827676832675934	0.738629162311554	1.6274200677871704	-0.42335280776023865	-0.3899117410182953
-1.7239394187927246	-0.9909027814865112	1.9551998376846313	-0.06532657891511917	0.14630116522312164	1.1357200145721436	-0.2688539922237396	-0.9126741886138916	0.6866339445114136	1.5644149780273438	1.013214111328125	-1.1486494541168213	-0.7915613055229187	-0.3213580846786499	0.5456286668777466	-1.2671267986297607
0.5779818296432495	-0.0210412610322237	-0.13801060616970062	0.09937097132205963	-0.16284485161304474	0.18977606296539307	-1.2571945190429688	0.25705486536026	-1.0625808238983154	-0.632580041885376	-0.6293240189552307	-1.676796793937683	0.6724022030830383	1.988852858543396	0.8156912922859192	-1.4682725667953491
1.6630321741104126	-1.454459547996521	-0.23146040737628937	0.5549997091293335	0.32450324296951294	1.4936802387237549	0.5853366255760193	0.7599589824676514	-1.0136138200759888	-1.391968846321106	0.8856539726257324	0.9161636829376221	0.4850791096687317	-1.0356383323669434	0.1620996594429016	-0.34564009308815
0.9304308891296387	0.43726348876953125	0.48383256793022156	0.1497364640235901	-0.32112616300582886	0.34224194288253784	-1.8978066444396973	-0.09447338432073593	-1.5162769556045532	-1.5751440525054932	0.49816176295280457	-2.242678165435791	1.6012073755264282	2.501230478286743	-0.4912440776824951	0.6019079089164734
0.8821743130683899	0.0332145057618618	0.48862695693969727	2.4379143714904785	-0.9659631848335266	-0.010085363872349262	1.0204358100891113	-0.11553055793046951	0.5534278750419617	0.800381064414978	-1.8534927368164062	2.52402663230896	0.649488091468811	0.603346049785614	0.5689932107925415	-0.011229323223233223
0.7307642102241516	0.22761031985282898	-0.42422789335250854	-0.11880620568990707	-2.156151294708252	0.8601356744766235	0.9307566285133362	-0.941081702709198	1.067983627319336	-1.1780740022659302	-2.065725088119507	1.654157280921936	-0.010362551547586918	0.7778142094612122	0.36707305908203125	0.0935920923948288
0.922011137008667	0.6952789425849915	-0.6824683547019958	0.48656630516052246	-0.5819813013076782	-0.8790662288665771	-0.11375989019870758	0.8869310617446899	-0.9277309775352478	-0.7206690907478333	-1.2710078954696655	0.1815006136894226	-0.2640274167060852	1.7576656341552734	0.14676983654499054	-0.90985506772995
-0.6011093854904175	0.5497615337371826	0.14783421158790588	-1.0534182786941528	0.8340401649475098	0.9437388777732849	0.7285067439079285	0.17367425560951233	-0.6269550323486328	-0.16266237199306488	-0.4119088649749756	-1.5028698444366455	0.8664231896400452	3.0342493057250977	-1.1629457473754883	0.2636873126029968
-0.08781400322914124	0.15066637098789215	1.2976893186569214	-1.0396617650985718	-0.12059380859136581	-0.814287006855011	-0.8796395659446716	-0.4158591628074646	-1.5171705484390259	0.9276346564292908	-0.8193513751029968	0.6097552180290222	0.2506648004055023	-0.4271911084651947	2.2708590030670166	1.3587558269500732
-0.8641068935394287	0.9706981182098389	-0.19718247652053833	1.3815637826919556	-0.16103532910346985	-1.5719401836395264	-1.187329888343811	1.5056010484695435	0.6220692992210388	0.18346036970615387	-0.505435585975647	-0.5907132625579834	-0.3153338134288788	-0.6642186641693115	-2.243368625640869	-0.008518001064658165
-0.8157587647438049	-0.693082869052887	0.19544801115989685	1.7072449922561646	0.9188834428787231	-0.21582283079624176	0.04340197890996933	0.006100862752646208	1.3489642143249512	0.6338621377944946	-0.195701465010643	0.2667887508869171	-0.9949523210525513	-2.3381187915802	0.7914906740188599	-1.7086371183395386
-0.9628056883811951	-1.0548410415649414	-0.6102501749992371	0.11007516086101532	0.12448114901781082	-1.4393010139465332	-0.4595167338848114	0.719730794429779	-0.09674712270498276	-0.6807190775871277	0.7334956526756287	0.09308571368455887	1.0837815999984741	0.8087388277053833	-0.9769448637962341	-0.26090991497039795
0.7306089997291565	0.48469239473342896	1.2467784881591797	0.16507665812969208	-0.9585779905319214	-0.8622860312461853	2.1460092067718506	-0.4612250030040741	0.6085960268974304	-1.3232622146606445	0.745215892791748	-0.9718009233474731	-0.15122751891613007	-1.4317429065704346	0.3323955535888672	1.40590238571167
